{
    "color": {
        "w": 1.0,
        "x": 0.21406826376914978,
        "y": 0.7046413421630859,
        "z": 0.6984314918518066
    }
}