{
    "color": {
        "w": 1.0,
        "x": 0.008438825607299805,
        "y": 0.008438825607299805,
        "z": 0.008438825607299805
    }
}