{
    "color": {
        "w": 1.0,
        "x": 0.8185653686523438,
        "y": 0.8185653686523438,
        "z": 0.8185653686523438
    }
}