{
    "color": {
        "w": 1.0,
        "x": 0.5147679448127747,
        "y": 0.5147679448127747,
        "z": 0.5147679448127747
    }
}