{
    "color": {
        "w": 1.0,
        "x": 0.7426160573959351,
        "y": 0.7426160573959351,
        "z": 0.7426160573959351
    }
}